[{"soal":"Ada pelangi, di bola matamu, dan _____ diri tuk bilang aku sayang padamu.","jawaban":"Memaksa"},{"soal":"Bawalah aku ke dalam, ke dalam hangat dirimu, bawalah aku _____ menari dalam pelukanmu.","jawaban":"Kesana"},{"soal":"Kau yang kuinginkan, meski tak ku____, kau yang kubayangkan, yang slalu kuimpikan.","jawaban":"Ungkapkan"},{"soal":"Kau tau sejak pertama bertemu, terbayang _____ indah di matamu, kau berikan tatapan cinta untukku.","jawaban":"Senyum"},{"soal":"Berada di pelukanmu mengajarkanku apa artinya______ kesempurnaan cinta.","jawaban":"Kenyamanan"},{"soal":"Apa yang salah dengan lagu ini, kenapa _____ ku mengingatmu, seperti aku bisa merasakan getaran jantung dan langkah kakimu.","jawaban":"Kembali"},{"soal":"Ada pelangi, di bola matamu, dan _____ diri tuk bilang aku sayang padamu.","jawaban":"Memaksa"},{"soal":"Dengar laraku, suara hati ini _____ namamu, karna separuh aku, dirimu","jawaban":"Memanggil"},{"soal":"Mungkin suatu saat nanti, kau _____ bahagia meski tak bersamaku.","jawaban":"Temukan"},{"soal":"Terlalu manis untuk dilupakan, kenangan yang indah _____ tinggalah mimpi.","jawaban":"Bersamamu"},{"soal":"Mungkin suatu saat nanti, kau _____ bahagia meski tak bersamaku.","jawaban":"Temukan"},{"soal":"Garuda di dadaku, garuda kebanggaanku, ku yakin hari ini pasti menang, kobarkan ______, tunjukkan keinginanmu, ku yakin hari ini pasti menang.","jawaban":"Semangatmu"},{"soal":"Bila tak selamanya kita bisa bersama, haruskah _____ di sini, dan bila selamanya kita bisa bersama, kusimpan cinta ini.","jawaban":"Menunggumu"},{"soal":"Dia dia dia cinta yang kutunggu tunggu tunggu, dia dia dia _____ hidupku.","jawaban":"Lengkapi"},{"soal":"Cinta itu ruang dan waktu, tak sekejap harus mau. Cinta butuh ruang yang sepi, tuk______ hati.","jawaban":"Mengutarakan"},{"soal":"Untuk apa? Untuk apa cinta tanpa_____, untuk apa cinta tanpa perbuatan.","jawaban":"Kejujuran"},{"soal":"Ku suka dirinya, mungkin aku sayang, namun _____ mungkin, kau menjadi milikku.","jawaban":"Apakah"},{"soal":"Untuk apa? Untuk apa cinta tanpa_____, untuk apa cinta tanpa perbuatan. Tak ada artinya.","jawaban":"Kejujuran"},{"soal":"Tak terkira, di sampingmu, adalah hal _____ yang pernah kuinginkan.","jawaban":"Terindah"},{"soal":"Ku suka dirinya, mungkin aku sayang, namun _____ mungkin, kau menjadi milikku.","jawaban":"Apakah"},{"soal":"Mengapa kau pergi, mengapa kau pergi, di saat aku mulai mencintaimu, berharap engkau jadi ____ hatiku, malah kau pergi jauh dari hidupku.","jawaban":"Kekasih"},{"soal":"Terlalu manis untuk dilupakan, kenangan yang indah _____ tinggalah mimpi.","jawaban":"Bersamamu"},{"soal":"Aku tak bisa _____, bila kau tak ada di sini, aku tak habis pikirkan, bila kau tak lagi temani aku.","jawaban":"Bayangkan"},{"soal":"Kau harus bisa berlapang dada. Kau harus bisa ambil______.","jawaban":"Hikmahnya"},{"soal":"Mana mungkin selimut tetangga, hangati _____ dalam kedinginan, malam-malam panjang, setiap tidurku selalu kesepian.","jawaban":"Tubuhku"},{"soal":"Aku lah yang tetap memelukmu erat, saat kau berfikir______ berpaling.","jawaban":"Mungkinkah"},{"soal":"Akulah serpihan kisah masa lalumu, yang ____ ingin tau keadaanmu.","jawaban":"Sekedar"},{"soal":"Sepenuhnya akuuu, ingin memelukmuuu, _____ penuh harapan, tuk mencintaimu.","jawaban":"Mendekap"},{"soal":"Aku lah yang tetap memelukmu erat, saat kau berfikir______ berpaling.","jawaban":"Mungkinkah"},{"soal":"Untuk apa? Untuk apa cinta tanpa_____, untuk apa cinta tanpa perbuatan.","jawaban":"Kejujuran"},{"soal":"Dengar laraku, suara hati ini _____ namamu, karna separuh aku, dirimu","jawaban":"Memanggil"},{"soal":"Kau yang kuinginkan, meski tak ku____, kau yang kubayangkan, yang slalu kuimpikan.","jawaban":"Ungkapkan"},{"soal":"Cinta itu ruang dan waktu, tak sekejap harus mau. Cinta butuh ruang yang sepi, tuk______ hati.","jawaban":"Mengutarakan"},{"soal":"Kau yang kuinginkan, meski tak ku____, kau yang kubayangkan, yang slalu kuimpikan.","jawaban":"Ungkapkan"},{"soal":"Kau tau sejak pertama bertemu, terbayang _____ indah di matamu, kau berikan tatapan cinta untukku.","jawaban":"Senyum"},{"soal":"Aku tak bisa _____, bila kau tak ada di sini, aku tak habis pikirkan, bila kau tak lagi temani aku.","jawaban":"Bayangkan"},{"soal":"Tak terkira, di sampingmu, adalah hal _____ yang pernah kuinginkan.","jawaban":"Terindah"},{"soal":"Kau tau sejak pertama bertemu, terbayang _____ indah di matamu, kau berikan tatapan cinta untukku.","jawaban":"Senyum"},{"soal":"Untuk apa? Untuk apa cinta tanpa_____, untuk apa cinta tanpa perbuatan.","jawaban":"Kejujuran"},{"soal":"Akulah serpihan kisah masa lalumu, yang ____ ingin tau keadaanmu.","jawaban":"Sekedar"},{"soal":"Dia dia dia cinta yang kutunggu tunggu tunggu, dia dia dia _____ hidupku.","jawaban":"Lengkapi"},{"soal":"Bila tak selamanya kita bisa bersama, haruskah _____ di sini, dan bila selamanya kita bisa bersama, kusimpan cinta ini.","jawaban":"Menunggumu"},{"soal":"Cinta itu ruang dan waktu, tak sekejap harus mau. Cinta butuh ruang yang sepi, tuk______ hati.","jawaban":"Mengutarakan"},{"soal":"Akulah serpihan kisah masa lalumu, yang ____ ingin tau keadaanmu.","jawaban":"Sekedar"},{"soal":"Sepenuhnya akuuu, ingin memelukmuuu, _____ penuh harapan, tuk mencintaimu.","jawaban":"Mendekap"},{"soal":"Berada di pelukanmu mengajarkanku apa artinya______ kesempurnaan cinta.","jawaban":"Kenyamanan"},{"soal":"Mana mungkin selimut tetangga, hangati _____ dalam kedinginan, malam-malam panjang, setiap tidurku selalu kesepian.","jawaban":"Tubuhku"},{"soal":"Tak bisa tuk teruskan, Dunia kita_____, Bila memang ini ujungnya.","jawaban":"Berbeda"},{"soal":"Cinta jangan pernah kau coba _____ karna disini ku butuh kamu.","jawaban":"Pergi"},{"soal":"Terlalu manis untuk dilupakan, kenangan yang indah _____ tinggalah mimpi.","jawaban":"Bersamamu"},{"soal":"Kau harus bisa berlapang dada. Kau harus bisa ambil______.","jawaban":"Hikmahnya"},{"soal":"Berada di pelukanmu mengajarkanku apa artinya______ kesempurnaan cinta.","jawaban":"Kenyamanan"},{"soal":"Mengapa kau pergi, mengapa kau pergi, di saat aku mulai mencintaimu, berharap engkau jadi ____ hatiku, malah kau pergi jauh dari hidupku.","jawaban":"Kekasih"},{"soal":"Kupetik bintang, untuk kau simpan, Cahayanya tenang, berikan kau perlindungan, sebagai pengingat teman, juga sebagai ______ semua tantangan.","jawaban":"Jawaban"},{"soal":"Bila memang harus berpisah, aku akan tetap ceria, bila memang ini______, kau kan tetap ada dalam jiwa.","jawaban":"Ujungnya"},{"soal":"Berada di pelukanmu mengajarkanku apa artinya______ kesempurnaan cinta.","jawaban":"Kenyamanan"},{"soal":"Ku suka dirinya, mungkin aku sayang, namun _____ mungkin, kau menjadi milikku.","jawaban":"Apakah"},{"soal":"Aku sayang padamu, aku cinta padamu, semua kan ku_____ demi kebahagiaanmu.","jawaban":"Lakukan"},{"soal":"Ku suka dirinya, mungkin aku sayang, namun _____ mungkin, kau menjadi milikku.","jawaban":"Apakah"},{"soal":"Bila rindu ini, masih milkmu, ______ sebuah tanya untukmu, harus berapa lama aku menunggumu.","jawaban":"Kuhadirkan"},{"soal":"Tak terkira, di sampingmu, adalah hal _____ yang pernah kuinginkan.","jawaban":"Terindah"},{"soal":"Dia dia dia cinta yang kutunggu tunggu tunggu, dia dia dia _____ hidupku.","jawaban":"Lengkapi"},{"soal":"Ada ruang hatiku kini kau sentuh, aku bukan jatuh _____ namun aku jatuh hati.","jawaban":"Cinta"},{"soal":"Kau harus bisa berlapang dada. Kau harus bisa ambil______.","jawaban":"Hikmahnya"},{"soal":"Terlalu manis untuk dilupakan, kenangan yang indah _____ tinggalah mimpi.","jawaban":"Bersamamu"},{"soal":"Ku cinta kau, ku cinta kau, hanya kamu di hatiku, takkan pernah kan ______, sampai kau jadi milikku","jawaban":"Terganti"},{"soal":"Mengapa kau pergi, mengapa kau pergi, di saat aku mulai mencintaimu, berharap engkau jadi ____ hatiku, malah kau pergi jauh dari hidupku.","jawaban":"Kekasih"},{"soal":"Ku suka dirinya, mungkin aku sayang, namun _____ mungkin, kau menjadi milikku.","jawaban":"Apakah"},{"soal":"Untuk apa? Untuk apa cinta tanpa_____, untuk apa cinta tanpa perbuatan.","jawaban":"Kejujuran"},{"soal":"Kau harus bisa berlapang dada. Kau harus bisa ambil______.","jawaban":"Hikmahnya"},{"soal":"Kau yang kuinginkan, meski tak ku____, kau yang kubayangkan, yang slalu kuimpikan.","jawaban":"Ungkapkan"},{"soal":"Kau harus bisa berlapang dada. Kau harus bisa ambil______.","jawaban":"Hikmahnya"},{"soal":"Ayo putra bangsa, harumkan negeri ini, ____ kita bangga, Indonesia.","jawaban":"Jadikan"},{"soal":"Untuk apa? Untuk apa cinta tanpa_____, untuk apa cinta tanpa perbuatan.","jawaban":"Kejujuran"},{"soal":"Dengar laraku, suara hati ini _____ namamu, karna separuh aku, dirimu","jawaban":"Memanggil"},{"soal":"Sepenuhnya akuuu, ingin memelukmuuu, _____ penuh harapan, tuk mencintaimu.","jawaban":"Mendekap"},{"soal":"Dia dia dia cinta yang kutunggu tunggu tunggu, dia dia dia _____ hidupku.","jawaban":"Lengkapi"},{"soal":"Cinta itu ruang dan waktu, tak sekejap harus mau. Cinta butuh ruang yang sepi, tuk______ hati.","jawaban":"Mengutarakan"},{"soal":"Mungkin suatu saat nanti, kau _____ bahagia meski tak bersamaku.","jawaban":"Temukan"},{"soal":"Untuk apa? Untuk apa cinta tanpa_____, untuk apa cinta tanpa perbuatan. Tak ada artinya.","jawaban":"Kejujuran"},{"soal":"Aku tak bisa _____, bila kau tak ada di sini, aku tak habis pikirkan, bila kau tak lagi temani aku.","jawaban":"Bayangkan"},{"soal":"Garuda di dadaku, garuda kebanggaanku, ku yakin hari ini pasti menang, kobarkan ______, tunjukkan keinginanmu, ku yakin hari ini pasti menang.","jawaban":"Semangatmu"},{"soal":"Dan terjadi lagi, kisah lama yang _____ kembali, kau terluka lagi, dari cinta yang rumit kau jalani.","jawaban":"Terulang"},{"soal":"Tak bisa tuk teruskan, Dunia kita_____, Bila memang ini ujungnya.","jawaban":"Berbeda"},{"soal":"Sepenuhnya akuuu, ingin memelukmuuu, _____ penuh harapan, tuk mencintaimu.","jawaban":"Mendekap"},{"soal":"Mengapa kau pergi, mengapa kau pergi, di saat aku mulai mencintaimu, berharap engkau jadi ____ hatiku, malah kau pergi jauh dari hidupku.","jawaban":"Kekasih"},{"soal":"Kau dan aku tercipta oleh waktu, hanya untuk saling mencintai, mungkin di_____ bersama, rajut kasih jalin cinta.","jawaban":"Takdirkan"},{"soal":"Cinta itu ruang dan waktu, tak sekejap harus mau. Cinta butuh ruang yang sepi, tuk______ hati.","jawaban":"Mengutarakan"},{"soal":"Terlalu manis untuk dilupakan, kenangan yang indah _____ tinggalah mimpi.","jawaban":"Bersamamu"},{"soal":"Cinta jangan pernah kau coba _____ karna disini ku butuh kamu.","jawaban":"Pergi"},{"soal":"Bila rindu ini, masih milkmu, ______ sebuah tanya untukmu, harus berapa lama aku menunggumu.","jawaban":"Kuhadirkan"},{"soal":"Kupetik bintang, untuk kau simpan, Cahayanya tenang, berikan kau perlindungan, sebagai pengingat teman, juga sebagai ______ semua tantangan.","jawaban":"Jawaban"},{"soal":"Ayo putra bangsa, harumkan negeri ini, ____ kita bangga, Indonesia.","jawaban":"Jadikan"},{"soal":"Dengar laraku, suara hati ini _____ namamu, karna separuh aku, dirimu","jawaban":"Memanggil"},{"soal":"Berada di pelukanmu mengajarkanku apa artinya______ kesempurnaan cinta.","jawaban":"Kenyamanan"},{"soal":"Ayo putra bangsa, harumkan negeri ini, ____ kita bangga, Indonesia.","jawaban":"Jadikan"},{"soal":"Kau yang kuinginkan, meski tak ku____, kau yang kubayangkan, yang slalu kuimpikan.","jawaban":"Ungkapkan"},{"soal":"Kau harus bisa berlapang dada. Kau harus bisa ambil______.","jawaban":"Hikmahnya"},{"soal":"Dengar laraku, suara hati ini _____ namamu, karna separuh aku, dirimu","jawaban":"Memanggil"},{"soal":"Kau harus bisa berlapang dada. Kau harus bisa ambil______.","jawaban":"Hikmahnya"},{"soal":"Cinta jangan pernah kau coba _____ karna disini ku butuh kamu.","jawaban":"Pergi"},{"soal":"Untuk apa? Untuk apa cinta tanpa_____, untuk apa cinta tanpa perbuatan.","jawaban":"Kejujuran"},{"soal":"Ku suka dirinya, mungkin aku sayang, namun _____ mungkin, kau menjadi milikku.","jawaban":"Apakah"},{"soal":"Ada pelangi, di bola matamu, dan _____ diri tuk bilang aku sayang padamu.","jawaban":"Memaksa"},{"soal":"Kau adalah yang terindah, yang membuat hatiku tenang, mencintai kamu takkan pernah takut, sebab kau _____ segala kurangku.","jawaban":"Terima"},{"soal":"Bawalah aku ke dalam, ke dalam hangat dirimu, bawalah aku _____ menari dalam pelukanmu.","jawaban":"Kesana"},{"soal":"Ku bisa hadapi_____ terluka, yang pernah kurasa di waktu dulu.","jawaban":"Perihnya"},{"soal":"Aku tak bisa _____, bila kau tak ada di sini, aku tak habis pikirkan, bila kau tak lagi temani aku.","jawaban":"Bayangkan"},{"soal":"Garuda di dadaku, garuda kebanggaanku, ku yakin hari ini pasti menang, kobarkan ______, tunjukkan keinginanmu, ku yakin hari ini pasti menang.","jawaban":"Semangatmu"},{"soal":"Akulah serpihan kisah masa lalumu, yang ____ ingin tau keadaanmu.","jawaban":"Sekedar"},{"soal":"Kupetik bintang, untuk kau simpan, Cahayanya tenang, berikan kau perlindungan, sebagai pengingat teman, juga sebagai ______ semua tantangan.","jawaban":"Jawaban"},{"soal":"Ku cinta kau, ku cinta kau, hanya kamu di hatiku, takkan pernah kan ______, sampai kau jadi milikku","jawaban":"Terganti"},{"soal":"Aku sayang padamu, aku cinta padamu, semua kan ku_____ demi kebahagiaanmu.","jawaban":"Lakukan"},{"soal":"Kau tau sejak pertama bertemu, terbayang _____ indah di matamu, kau berikan tatapan cinta untukku.","jawaban":"Senyum"},{"soal":"Akulah serpihan kisah masa lalumu, yang ____ ingin tau keadaanmu.","jawaban":"Sekedar"},{"soal":"Kau harus bisa berlapang dada. Kau harus bisa ambil______.","jawaban":"Hikmahnya"},{"soal":"Cinta itu ruang dan waktu, tak sekejap harus mau. Cinta butuh ruang yang sepi, tuk______ hati.","jawaban":"Mengutarakan"},{"soal":"Bila memang harus berpisah, aku akan tetap ceria, bila memang ini______, kau kan tetap ada dalam jiwa.","jawaban":"Ujungnya"},{"soal":"Ku suka dirinya, mungkin aku sayang, namun _____ mungkin, kau menjadi milikku.","jawaban":"Apakah"},{"soal":"Sampai saat ini, rasaku ______ di sini, rasa yang tak akan hilang oleh waktu.","jawaban":"Bertahan"},{"soal":"Ada ruang hatiku kini kau sentuh, aku bukan jatuh _____ namun aku jatuh hati.","jawaban":"Cinta"},{"soal":"Ada pelangi, di bola matamu, dan _____ diri tuk bilang aku sayang padamu.","jawaban":"Memaksa"},{"soal":"Cinta jangan pernah kau coba _____ karna disini ku butuh kamu.","jawaban":"Pergi"},{"soal":"Tak terkira, di sampingmu, adalah hal _____ yang pernah kuinginkan.","jawaban":"Terindah"},{"soal":"Bila memang harus berpisah, aku akan tetap ceria, bila memang ini______, kau kan tetap ada dalam jiwa.","jawaban":"Ujungnya"},{"soal":"Mana mungkin selimut tetangga, hangati _____ dalam kedinginan, malam-malam panjang, setiap tidurku selalu kesepian.","jawaban":"Tubuhku"},{"soal":"Cinta itu ruang dan waktu, tak sekejap harus mau. Cinta butuh ruang yang sepi, tuk______ hati.","jawaban":"Mengutarakan"},{"soal":"Kau tau sejak pertama bertemu, terbayang _____ indah di matamu, kau berikan tatapan cinta untukku.","jawaban":"Senyum"},{"soal":"Mengapa kau pergi, mengapa kau pergi, di saat aku mulai mencintaimu, berharap engkau jadi ____ hatiku, malah kau pergi jauh dari hidupku.","jawaban":"Kekasih"},{"soal":"Ku suka dirinya, mungkin aku sayang, namun _____ mungkin, kau menjadi milikku.","jawaban":"Apakah"},{"soal":"Garuda di dadaku, garuda kebanggaanku, ku yakin hari ini pasti menang, kobarkan ______, tunjukkan keinginanmu, ku yakin hari ini pasti menang.","jawaban":"Semangatmu"},{"soal":"Kau harus bisa berlapang dada. Kau harus bisa ambil______.","jawaban":"Hikmahnya"},{"soal":"Cinta jangan pernah kau coba _____ karna disini ku butuh kamu.","jawaban":"Pergi"},{"soal":"Ku suka dirinya, mungkin aku sayang, namun _____ mungkin, kau menjadi milikku.","jawaban":"Apakah"},{"soal":"Cinta itu ruang dan waktu, tak sekejap harus mau. Cinta butuh ruang yang sepi, tuk______ hati.","jawaban":"Mengutarakan"},{"soal":"Dan terjadi lagi, kisah lama yang _____ kembali, kau terluka lagi, dari cinta yang rumit kau jalani.","jawaban":"Terulang"},{"soal":"Kau tau sejak pertama bertemu, terbayang _____ indah di matamu, kau berikan tatapan cinta untukku.","jawaban":"Senyum"},{"soal":"Ku bisa hadapi_____ terluka, yang pernah kurasa di waktu dulu.","jawaban":"Perihnya"},{"soal":"Berada di pelukanmu mengajarkanku apa artinya______ kesempurnaan cinta.","jawaban":"Kenyamanan"},{"soal":"Kau yang kuinginkan, meski tak ku____, kau yang kubayangkan, yang slalu kuimpikan.","jawaban":"Ungkapkan"},{"soal":"Garuda di dadaku, garuda kebanggaanku, ku yakin hari ini pasti menang, kobarkan ______, tunjukkan keinginanmu, ku yakin hari ini pasti menang.","jawaban":"Semangatmu"},{"soal":"Kupetik bintang, untuk kau simpan, Cahayanya tenang, berikan kau perlindungan, sebagai pengingat teman, juga sebagai ______ semua tantangan.","jawaban":"Jawaban"},{"soal":"Aku sayang padamu, aku cinta padamu, semua kan ku_____ demi kebahagiaanmu.","jawaban":"Lakukan"},{"soal":"Kupetik bintang, untuk kau simpan, Cahayanya tenang, berikan kau perlindungan, sebagai pengingat teman, juga sebagai ______ semua tantangan.","jawaban":"Jawaban"},{"soal":"Mungkin suatu saat nanti, kau _____ bahagia meski tak bersamaku.","jawaban":"Temukan"},{"soal":"Terlalu manis untuk dilupakan, kenangan yang indah _____ tinggalah mimpi.","jawaban":"Bersamamu"},{"soal":"Ku suka dirinya, mungkin aku sayang, namun _____ mungkin, kau menjadi milikku.","jawaban":"Apakah"},{"soal":"Ayo putra bangsa, harumkan negeri ini, ____ kita bangga, Indonesia.","jawaban":"Jadikan"},{"soal":"Ku cinta kau, ku cinta kau, hanya kamu di hatiku, takkan pernah kan ______, sampai kau jadi milikku","jawaban":"Terganti"},{"soal":"Aku lah yang tetap memelukmu erat, saat kau berfikir______ berpaling.","jawaban":"Mungkinkah"},{"soal":"Ada ruang hatiku kini kau sentuh, aku bukan jatuh _____ namun aku jatuh hati.","jawaban":"Cinta"},{"soal":"Akulah serpihan kisah masa lalumu, yang ____ ingin tau keadaanmu.","jawaban":"Sekedar"},{"soal":"Bawalah aku ke dalam, ke dalam hangat dirimu, bawalah aku _____ menari dalam pelukanmu.","jawaban":"Kesana"},{"soal":"Garuda di dadaku, garuda kebanggaanku, ku yakin hari ini pasti menang, kobarkan ______, tunjukkan keinginanmu, ku yakin hari ini pasti menang.","jawaban":"Semangatmu"},{"soal":"Dan terjadi lagi, kisah lama yang _____ kembali, kau terluka lagi, dari cinta yang rumit kau jalani.","jawaban":"Terulang"},{"soal":"Cinta jangan pernah kau coba _____ karna disini ku butuh kamu.","jawaban":"Pergi"},{"soal":"Akulah serpihan kisah masa lalumu, yang ____ ingin tau keadaanmu.","jawaban":"Sekedar"},{"soal":"Sepenuhnya akuuu, ingin memelukmuuu, _____ penuh harapan, tuk mencintaimu.","jawaban":"Mendekap"},{"soal":"Berada di pelukanmu mengajarkanku apa artinya______ kesempurnaan cinta.","jawaban":"Kenyamanan"},{"soal":"Mana mungkin selimut tetangga, hangati _____ dalam kedinginan, malam-malam panjang, setiap tidurku selalu kesepian.","jawaban":"Tubuhku"},{"soal":"Kau tau sejak pertama bertemu, terbayang _____ indah di matamu, kau berikan tatapan cinta untukku.","jawaban":"Senyum"},{"soal":"Setidaknya diriku pernah berjuang, meski tak pernah ternilai di matamu, setidaknya ku pernah menanti, _____ melawan sepi hatiku.","jawaban":"Terkapar"},{"soal":"Bila memang harus berpisah, aku akan tetap ceria, bila memang ini______, kau kan tetap ada dalam jiwa.","jawaban":"Ujungnya"},{"soal":"Kupetik bintang, untuk kau simpan, Cahayanya tenang, berikan kau perlindungan, sebagai pengingat teman, juga sebagai ______ semua tantangan.","jawaban":"Jawaban"},{"soal":"Ku cinta kau, ku cinta kau, hanya kamu di hatiku, takkan pernah kan ______, sampai kau jadi milikku","jawaban":"Terganti"},{"soal":"Kau adalah yang terindah, yang membuat hatiku tenang, mencintai kamu takkan pernah takut, sebab kau _____ segala kurangku.","jawaban":"Terima"},{"soal":"Mana mungkin selimut tetangga, hangati _____ dalam kedinginan, malam-malam panjang, setiap tidurku selalu kesepian.","jawaban":"Tubuhku"},{"soal":"Aku tak bisa _____, bila kau tak ada di sini, aku tak habis pikirkan, bila kau tak lagi temani aku.","jawaban":"Bayangkan"},{"soal":"Tak bisa tuk teruskan, Dunia kita_____, Bila memang ini ujungnya.","jawaban":"Berbeda"},{"soal":"Ku cinta kau, ku cinta kau, hanya kamu di hatiku, takkan pernah kan ______, sampai kau jadi milikku","jawaban":"Terganti"},{"soal":"Ada ruang hatiku kini kau sentuh, aku bukan jatuh _____ namun aku jatuh hati.","jawaban":"Cinta"},{"soal":"Ayo putra bangsa, harumkan negeri ini, ____ kita bangga, Indonesia.","jawaban":"Jadikan"},{"soal":"Mungkin suatu saat nanti, kau _____ bahagia meski tak bersamaku.","jawaban":"Temukan"},{"soal":"Tak bisa tuk teruskan, Dunia kita_____, Bila memang ini ujungnya.","jawaban":"Berbeda"},{"soal":"Ada ruang hatiku kini kau sentuh, aku bukan jatuh _____ namun aku jatuh hati.","jawaban":"Cinta"},{"soal":"Ku suka dirinya, mungkin aku sayang, namun _____ mungkin, kau menjadi milikku.","jawaban":"Apakah"},{"soal":"Ada yang lain, di senyummu, yang_____ lidahku gugup tak bergerak.","jawaban":"Membuat"},{"soal":"Aku sayang padamu, aku cinta padamu, semua kan ku_____ demi kebahagiaanmu.","jawaban":"Lakukan"},{"soal":"Ayo putra bangsa, harumkan negeri ini, ____ kita bangga, Indonesia.","jawaban":"Jadikan"},{"soal":"Ku bisa hadapi_____ terluka, yang pernah kurasa di waktu dulu.","jawaban":"Perihnya"}]